{"textures":{"0":"minecraft:toffy/crates/toffy_crate_purple"},"elements":[{"from":[7.142857,9.281508,10.995794],"to":[8.285714,10.424366,15.281508],"rotation":{"angle":0.0,"axis":"y","origin":[8.0,10.424366,20.995794]},"faces":{"east":{"uv":[6.75,8.5,7.75,8.75],"rotation":0,"texture":"#0","tintindex":0},"south":{"uv":[10.875,11.0,11.125,11.25],"rotation":0,"texture":"#0","tintindex":0},"north":{"uv":[11.0,9.625,11.25,9.875],"rotation":0,"texture":"#0","tintindex":0},"west":{"uv":[7.875,8.5,8.875,8.75],"rotation":0,"texture":"#0","tintindex":0},"up":{"uv":[0.25,9.625,0.0,8.625],"rotation":0,"texture":"#0","tintindex":0},"down":{"uv":[0.625,8.625,0.375,9.625],"rotation":0,"texture":"#0","tintindex":0}}},{"from":[7.1571426,9.673675,4.530817],"to":[8.271429,13.102246,5.673674],"rotation":{"angle":45.0,"axis":"x","origin":[8.0,3.9593883,4.530817]},"faces":{"east":{"uv":[5.375,9.125,5.625,9.875],"rotation":0,"texture":"#0","tintindex":0},"south":{"uv":[5.75,9.125,6.0,9.875],"rotation":0,"texture":"#0","tintindex":0},"north":{"uv":[5.0,9.125,5.25,9.875],"rotation":0,"texture":"#0","tintindex":0},"west":{"uv":[3.75,9.25,4.0,10.0],"rotation":0,"texture":"#0","tintindex":0},"up":{"uv":[6.5,11.25,6.25,11.0],"rotation":0,"texture":"#0","tintindex":0},"down":{"uv":[8.875,11.0,8.625,11.25],"rotation":0,"texture":"#0","tintindex":0}}},{"from":[7.142857,6.857143,8.571428],"to":[8.285714,8.0,9.714286],"rotation":{"angle":0.0,"axis":"y","origin":[8.0,8.0,18.285715]},"faces":{"east":{"uv":[11.125,0.375,11.375,0.625],"rotation":0,"texture":"#0","tintindex":0},"south":{"uv":[11.125,0.75,11.375,1.0],"rotation":0,"texture":"#0","tintindex":0},"north":{"uv":[11.125,0.0,11.375,0.25],"rotation":0,"texture":"#0","tintindex":0},"west":{"uv":[11.125,1.125,11.375,1.375],"rotation":0,"texture":"#0","tintindex":0},"up":{"uv":[2.25,11.375,2.0,11.125],"rotation":0,"texture":"#0","tintindex":0},"down":{"uv":[3.875,11.125,3.625,11.375],"rotation":0,"texture":"#0","tintindex":0}}},{"from":[17.428572,9.281508,10.995794],"to":[18.57143,10.424366,15.281508],"rotation":{"angle":0.0,"axis":"y","origin":[17.714287,10.424366,20.995794]},"faces":{"east":{"uv":[0.75,8.625,1.75,8.875],"rotation":0,"texture":"#0","tintindex":0},"south":{"uv":[10.5,11.125,10.75,11.375],"rotation":0,"texture":"#0","tintindex":0},"north":{"uv":[11.125,10.375,11.375,10.625],"rotation":0,"texture":"#0","tintindex":0},"west":{"uv":[1.875,8.625,2.875,8.875],"rotation":0,"texture":"#0","tintindex":0},"up":{"uv":[3.25,9.625,3.0,8.625],"rotation":0,"texture":"#0","tintindex":0},"down":{"uv":[3.625,8.625,3.375,9.625],"rotation":0,"texture":"#0","tintindex":0}}},{"from":[17.442858,9.673675,4.530817],"to":[18.557144,13.102246,5.673674],"rotation":{"angle":45.0,"axis":"x","origin":[17.714287,3.9593883,4.530817]},"faces":{"east":{"uv":[4.5,9.375,4.75,10.125],"rotation":0,"texture":"#0","tintindex":0},"south":{"uv":[9.375,9.25,9.625,10.0],"rotation":0,"texture":"#0","tintindex":0},"north":{"uv":[4.125,9.375,4.375,10.125],"rotation":0,"texture":"#0","tintindex":0},"west":{"uv":[9.5,5.875,9.75,6.625],"rotation":0,"texture":"#0","tintindex":0},"up":{"uv":[0.25,11.5,0.0,11.25],"rotation":0,"texture":"#0","tintindex":0},"down":{"uv":[0.625,11.25,0.375,11.5],"rotation":0,"texture":"#0","tintindex":0}}},{"from":[17.428572,6.857143,8.571428],"to":[18.57143,8.0,9.714286],"rotation":{"angle":0.0,"axis":"y","origin":[17.714287,8.0,18.285715]},"faces":{"east":{"uv":[1.125,11.25,1.375,11.5],"rotation":0,"texture":"#0","tintindex":0},"south":{"uv":[11.25,1.5,11.5,1.75],"rotation":0,"texture":"#0","tintindex":0},"north":{"uv":[0.75,11.25,1.0,11.5],"rotation":0,"texture":"#0","tintindex":0},"west":{"uv":[11.25,1.875,11.5,2.125],"rotation":0,"texture":"#0","tintindex":0},"up":{"uv":[11.5,2.5,11.25,2.25],"rotation":0,"texture":"#0","tintindex":0},"down":{"uv":[11.5,2.625,11.25,2.875],"rotation":0,"texture":"#0","tintindex":0}}},{"from":[12.0,9.281508,10.995794],"to":[12.571428,10.424366,15.281508],"rotation":{"angle":0.0,"axis":"y","origin":[12.285715,10.424366,20.995794]},"faces":{"east":{"uv":[5.0,8.75,6.0,9.0],"rotation":0,"texture":"#0","tintindex":0},"south":{"uv":[9.25,7.875,9.375,8.125],"rotation":0,"texture":"#0","tintindex":0},"north":{"uv":[2.125,7.75,2.25,8.0],"rotation":0,"texture":"#0","tintindex":0},"west":{"uv":[6.125,8.875,7.125,9.125],"rotation":0,"texture":"#0","tintindex":0},"up":{"uv":[2.5,5.25,2.375,4.25],"rotation":0,"texture":"#0","tintindex":0},"down":{"uv":[5.75,10.5,5.625,11.5],"rotation":0,"texture":"#0","tintindex":0}}},{"from":[12.014286,9.673675,4.530817],"to":[12.557143,13.102246,5.673674],"rotation":{"angle":45.0,"axis":"x","origin":[12.285715,3.9593883,4.530817]},"faces":{"east":{"uv":[0.375,9.75,0.625,10.5],"rotation":0,"texture":"#0","tintindex":0},"south":{"uv":[9.5,10.75,9.625,11.5],"rotation":0,"texture":"#0","tintindex":0},"north":{"uv":[10.75,9.25,10.875,10.0],"rotation":0,"texture":"#0","tintindex":0},"west":{"uv":[0.75,9.75,1.0,10.5],"rotation":0,"texture":"#0","tintindex":0},"up":{"uv":[10.25,3.75,10.125,3.5],"rotation":0,"texture":"#0","tintindex":0},"down":{"uv":[3.0,11.375,2.875,11.625],"rotation":0,"texture":"#0","tintindex":0}}},{"from":[12.0,6.857143,8.571428],"to":[12.571428,8.0,9.714286],"rotation":{"angle":0.0,"axis":"y","origin":[12.285715,8.0,18.285715]},"faces":{"east":{"uv":[7.75,11.25,8.0,11.5],"rotation":0,"texture":"#0","tintindex":0},"south":{"uv":[3.375,11.375,3.5,11.625],"rotation":0,"texture":"#0","tintindex":0},"north":{"uv":[3.125,11.375,3.25,11.625],"rotation":0,"texture":"#0","tintindex":0},"west":{"uv":[8.125,11.25,8.375,11.5],"rotation":0,"texture":"#0","tintindex":0},"up":{"uv":[6.0,11.625,5.875,11.375],"rotation":0,"texture":"#0","tintindex":0},"down":{"uv":[6.25,11.375,6.125,11.625],"rotation":0,"texture":"#0","tintindex":0}}},{"from":[12.0,6.285714,16.57143],"to":[12.571428,8.0,17.714287],"rotation":{"angle":0.0,"axis":"y","origin":[12.285715,8.0,8.0]},"faces":{"east":{"uv":[10.875,7.25,11.125,7.625],"rotation":0,"texture":"#0","tintindex":0},"south":{"uv":[11.25,11.25,11.375,11.625],"rotation":0,"texture":"#0","tintindex":0},"north":{"uv":[11.25,10.75,11.375,11.125],"rotation":0,"texture":"#0","tintindex":0},"west":{"uv":[10.875,8.25,11.125,8.625],"rotation":0,"texture":"#0","tintindex":0},"up":{"uv":[3.75,11.75,3.625,11.5],"rotation":0,"texture":"#0","tintindex":0},"down":{"uv":[11.625,3.75,11.5,4.0],"rotation":0,"texture":"#0","tintindex":0}}},{"from":[13.142858,9.281508,10.995794],"to":[13.714286,10.424366,15.281508],"rotation":{"angle":0.0,"axis":"y","origin":[13.428572,10.424366,20.995794]},"faces":{"east":{"uv":[7.25,8.875,8.25,9.125],"rotation":0,"texture":"#0","tintindex":0},"south":{"uv":[9.0,11.375,9.125,11.625],"rotation":0,"texture":"#0","tintindex":0},"north":{"uv":[8.75,11.375,8.875,11.625],"rotation":0,"texture":"#0","tintindex":0},"west":{"uv":[8.375,8.875,9.375,9.125],"rotation":0,"texture":"#0","tintindex":0},"up":{"uv":[1.625,11.625,1.5,10.625],"rotation":0,"texture":"#0","tintindex":0},"down":{"uv":[1.875,10.625,1.75,11.625],"rotation":0,"texture":"#0","tintindex":0}}},{"from":[13.157143,9.673675,4.530817],"to":[13.700001,13.102246,5.673674],"rotation":{"angle":45.0,"axis":"x","origin":[13.428572,3.9593883,4.530817]},"faces":{"east":{"uv":[1.875,9.75,2.125,10.5],"rotation":0,"texture":"#0","tintindex":0},"south":{"uv":[10.875,10.125,11.0,10.875],"rotation":0,"texture":"#0","tintindex":0},"north":{"uv":[10.875,3.625,11.0,4.375],"rotation":0,"texture":"#0","tintindex":0},"west":{"uv":[2.25,9.75,2.5,10.5],"rotation":0,"texture":"#0","tintindex":0},"up":{"uv":[9.375,11.625,9.25,11.375],"rotation":0,"texture":"#0","tintindex":0},"down":{"uv":[11.5,9.25,11.375,9.5],"rotation":0,"texture":"#0","tintindex":0}}},{"from":[13.142858,6.857143,8.571428],"to":[13.714286,8.0,9.714286],"rotation":{"angle":0.0,"axis":"y","origin":[13.428572,8.0,18.285715]},"faces":{"east":{"uv":[11.25,8.125,11.5,8.375],"rotation":0,"texture":"#0","tintindex":0},"south":{"uv":[10.875,11.375,11.0,11.625],"rotation":0,"texture":"#0","tintindex":0},"north":{"uv":[11.375,9.625,11.5,9.875],"rotation":0,"texture":"#0","tintindex":0},"west":{"uv":[11.25,8.5,11.5,8.75],"rotation":0,"texture":"#0","tintindex":0},"up":{"uv":[11.625,0.25,11.5,0.0],"rotation":0,"texture":"#0","tintindex":0},"down":{"uv":[11.625,0.375,11.5,0.625],"rotation":0,"texture":"#0","tintindex":0}}},{"from":[13.142858,6.285714,16.57143],"to":[13.714286,8.0,17.714287],"rotation":{"angle":0.0,"axis":"y","origin":[13.428572,8.0,8.0]},"faces":{"east":{"uv":[10.875,1.75,11.125,2.125],"rotation":0,"texture":"#0","tintindex":0},"south":{"uv":[2.75,9.0,2.875,9.375],"rotation":0,"texture":"#0","tintindex":0},"north":{"uv":[2.375,5.375,2.5,5.75],"rotation":0,"texture":"#0","tintindex":0},"west":{"uv":[10.875,4.5,11.125,4.875],"rotation":0,"texture":"#0","tintindex":0},"up":{"uv":[2.125,11.75,2.0,11.5],"rotation":0,"texture":"#0","tintindex":0},"down":{"uv":[11.625,3.375,11.5,3.625],"rotation":0,"texture":"#0","tintindex":0}}},{"from":[7.142857,1.1428566,16.0],"to":[8.857143,2.8571424,17.714287],"rotation":{"angle":0.0,"axis":"y","origin":[8.285714,1.1428566,17.714287]},"faces":{"east":{"uv":[9.875,8.5,9.5,8.875],"rotation":0,"texture":"#0","tintindex":0},"south":{"uv":[9.875,7.625,9.5,8.0],"rotation":0,"texture":"#0","tintindex":0},"north":{"uv":[7.25,9.75,6.875,10.125],"rotation":0,"texture":"#0","tintindex":0},"west":{"uv":[7.75,9.75,7.375,10.125],"rotation":0,"texture":"#0","tintindex":0},"up":{"uv":[8.25,9.75,7.875,10.125],"rotation":0,"texture":"#0","tintindex":0},"down":{"uv":[8.75,10.125,8.375,9.75],"rotation":0,"texture":"#0","tintindex":0}}},{"from":[7.428571,2.8571424,16.285715],"to":[8.571428,5.142857,17.428572],"rotation":{"angle":0.0,"axis":"y","origin":[8.285714,1.1428566,17.714287]},"faces":{"east":{"uv":[10.625,2.5,10.375,3.0],"rotation":0,"texture":"#0","tintindex":0},"south":{"uv":[9.625,10.125,9.375,10.625],"rotation":0,"texture":"#0","tintindex":0},"north":{"uv":[10.625,3.125,10.375,3.625],"rotation":0,"texture":"#0","tintindex":0},"west":{"uv":[10.625,5.375,10.375,5.875],"rotation":0,"texture":"#0","tintindex":0},"up":{"uv":[3.5,11.0,3.25,11.25],"rotation":0,"texture":"#0","tintindex":0},"down":{"uv":[6.125,11.25,5.875,11.0],"rotation":0,"texture":"#0","tintindex":0}}},{"from":[6.857143,5.714286,16.285715],"to":[8.571428,6.857143,18.0],"rotation":{"angle":0.0,"axis":"y","origin":[8.285714,1.1428566,17.714287]},"faces":{"east":{"uv":[6.75,10.625,6.375,10.875],"rotation":0,"texture":"#0","tintindex":0},"south":{"uv":[6.25,10.625,5.875,10.875],"rotation":0,"texture":"#0","tintindex":0},"north":{"uv":[11.125,2.5,10.75,2.75],"rotation":0,"texture":"#0","tintindex":0},"west":{"uv":[11.125,2.875,10.75,3.125],"rotation":0,"texture":"#0","tintindex":0},"up":{"uv":[10.375,8.5,10.0,8.875],"rotation":0,"texture":"#0","tintindex":0},"down":{"uv":[10.125,10.375,9.75,10.0],"rotation":0,"texture":"#0","tintindex":0}}},{"from":[12.014286,9.673675,20.612041],"to":[12.557143,13.102246,21.754898],"rotation":{"angle":-45.0,"axis":"x","origin":[12.285715,3.9593883,21.754898]},"faces":{"east":{"uv":[0.625,9.75,0.375,10.5],"rotation":0,"texture":"#0","tintindex":0},"south":{"uv":[10.875,9.25,10.75,10.0],"rotation":0,"texture":"#0","tintindex":0},"north":{"uv":[9.625,10.75,9.5,11.5],"rotation":0,"texture":"#0","tintindex":0},"west":{"uv":[1.0,9.75,0.75,10.5],"rotation":0,"texture":"#0","tintindex":0},"up":{"uv":[10.25,3.5,10.125,3.75],"rotation":0,"texture":"#0","tintindex":0},"down":{"uv":[3.0,11.625,2.875,11.375],"rotation":0,"texture":"#0","tintindex":0}}},{"from":[13.157143,9.673675,20.612041],"to":[13.700001,13.102246,21.754898],"rotation":{"angle":-45.0,"axis":"x","origin":[13.428572,3.9593883,21.754898]},"faces":{"east":{"uv":[2.125,9.75,1.875,10.5],"rotation":0,"texture":"#0","tintindex":0},"south":{"uv":[11.0,3.625,10.875,4.375],"rotation":0,"texture":"#0","tintindex":0},"north":{"uv":[11.0,10.125,10.875,10.875],"rotation":0,"texture":"#0","tintindex":0},"west":{"uv":[2.5,9.75,2.25,10.5],"rotation":0,"texture":"#0","tintindex":0},"up":{"uv":[9.375,11.375,9.25,11.625],"rotation":0,"texture":"#0","tintindex":0},"down":{"uv":[11.5,9.5,11.375,9.25],"rotation":0,"texture":"#0","tintindex":0}}},{"from":[17.442858,9.673675,20.612041],"to":[18.557144,13.102246,21.754898],"rotation":{"angle":-45.0,"axis":"x","origin":[17.714287,3.9593883,21.754898]},"faces":{"east":{"uv":[4.75,9.375,4.5,10.125],"rotation":0,"texture":"#0","tintindex":0},"south":{"uv":[4.375,9.375,4.125,10.125],"rotation":0,"texture":"#0","tintindex":0},"north":{"uv":[9.625,9.25,9.375,10.0],"rotation":0,"texture":"#0","tintindex":0},"west":{"uv":[9.75,5.875,9.5,6.625],"rotation":0,"texture":"#0","tintindex":0},"up":{"uv":[0.25,11.25,0.0,11.5],"rotation":0,"texture":"#0","tintindex":0},"down":{"uv":[0.625,11.5,0.375,11.25],"rotation":0,"texture":"#0","tintindex":0}}},{"from":[7.1571426,9.673675,20.612041],"to":[8.271429,13.102246,21.754898],"rotation":{"angle":-45.0,"axis":"x","origin":[8.0,3.9593883,21.754898]},"faces":{"east":{"uv":[5.625,9.125,5.375,9.875],"rotation":0,"texture":"#0","tintindex":0},"south":{"uv":[5.25,9.125,5.0,9.875],"rotation":0,"texture":"#0","tintindex":0},"north":{"uv":[6.0,9.125,5.75,9.875],"rotation":0,"texture":"#0","tintindex":0},"west":{"uv":[4.0,9.25,3.75,10.0],"rotation":0,"texture":"#0","tintindex":0},"up":{"uv":[6.5,11.0,6.25,11.25],"rotation":0,"texture":"#0","tintindex":0},"down":{"uv":[8.875,11.25,8.625,11.0],"rotation":0,"texture":"#0","tintindex":0}}},{"from":[17.428572,6.857143,16.57143],"to":[18.57143,8.0,17.714287],"rotation":{"angle":0.0,"axis":"y","origin":[17.714287,8.0,8.0]},"faces":{"east":{"uv":[1.375,11.25,1.125,11.5],"rotation":0,"texture":"#0","tintindex":0},"south":{"uv":[1.0,11.25,0.75,11.5],"rotation":0,"texture":"#0","tintindex":0},"north":{"uv":[11.5,1.5,11.25,1.75],"rotation":0,"texture":"#0","tintindex":0},"west":{"uv":[11.5,1.875,11.25,2.125],"rotation":0,"texture":"#0","tintindex":0},"up":{"uv":[11.5,2.25,11.25,2.5],"rotation":0,"texture":"#0","tintindex":0},"down":{"uv":[11.5,2.875,11.25,2.625],"rotation":0,"texture":"#0","tintindex":0}}},{"from":[7.142857,6.857143,16.57143],"to":[8.285714,8.0,17.714287],"rotation":{"angle":0.0,"axis":"y","origin":[8.0,8.0,8.0]},"faces":{"east":{"uv":[11.375,0.375,11.125,0.625],"rotation":0,"texture":"#0","tintindex":0},"south":{"uv":[11.375,0.0,11.125,0.25],"rotation":0,"texture":"#0","tintindex":0},"north":{"uv":[11.375,0.75,11.125,1.0],"rotation":0,"texture":"#0","tintindex":0},"west":{"uv":[11.375,1.125,11.125,1.375],"rotation":0,"texture":"#0","tintindex":0},"up":{"uv":[2.25,11.125,2.0,11.375],"rotation":0,"texture":"#0","tintindex":0},"down":{"uv":[3.875,11.375,3.625,11.125],"rotation":0,"texture":"#0","tintindex":0}}},{"from":[17.142857,5.714286,16.285715],"to":[18.857143,6.857143,18.0],"rotation":{"angle":0.0,"axis":"y","origin":[17.428572,1.1428566,17.714287]},"faces":{"east":{"uv":[2.75,10.625,2.375,10.875],"rotation":0,"texture":"#0","tintindex":0},"south":{"uv":[9.375,8.5,9.0,8.75],"rotation":0,"texture":"#0","tintindex":0},"north":{"uv":[3.25,10.625,2.875,10.875],"rotation":0,"texture":"#0","tintindex":0},"west":{"uv":[3.75,10.625,3.375,10.875],"rotation":0,"texture":"#0","tintindex":0},"up":{"uv":[5.75,10.0,5.375,10.375],"rotation":0,"texture":"#0","tintindex":0},"down":{"uv":[10.375,8.0,10.0,7.625],"rotation":0,"texture":"#0","tintindex":0}}},{"from":[17.142857,2.8571424,16.285715],"to":[18.285715,5.142857,17.428572],"rotation":{"angle":0.0,"axis":"y","origin":[17.428572,1.1428566,17.714287]},"faces":{"east":{"uv":[10.625,6.625,10.375,7.125],"rotation":0,"texture":"#0","tintindex":0},"south":{"uv":[10.625,6.0,10.375,6.5],"rotation":0,"texture":"#0","tintindex":0},"north":{"uv":[10.75,3.75,10.5,4.25],"rotation":0,"texture":"#0","tintindex":0},"west":{"uv":[10.75,4.375,10.5,4.875],"rotation":0,"texture":"#0","tintindex":0},"up":{"uv":[5.375,11.125,5.125,11.375],"rotation":0,"texture":"#0","tintindex":0},"down":{"uv":[6.875,11.375,6.625,11.125],"rotation":0,"texture":"#0","tintindex":0}}},{"from":[16.857143,1.1428566,16.0],"to":[18.57143,2.8571424,17.714287],"rotation":{"angle":0.0,"axis":"y","origin":[17.428572,1.1428566,17.714287]},"faces":{"east":{"uv":[10.125,9.0,9.75,9.375],"rotation":0,"texture":"#0","tintindex":0},"south":{"uv":[9.25,9.75,8.875,10.125],"rotation":0,"texture":"#0","tintindex":0},"north":{"uv":[10.125,9.5,9.75,9.875],"rotation":0,"texture":"#0","tintindex":0},"west":{"uv":[10.25,0.0,9.875,0.375],"rotation":0,"texture":"#0","tintindex":0},"up":{"uv":[10.25,0.5,9.875,0.875],"rotation":0,"texture":"#0","tintindex":0},"down":{"uv":[10.25,1.375,9.875,1.0],"rotation":0,"texture":"#0","tintindex":0}}}],"display":{"head":{"translation":[0.0,-6.4,0.0],"scale":[4.0,4.0,4.0]}}}