{"textures":{"0":"minecraft:toffy/crates/toffy_key_cinder"},"elements":[{"from":[5.891857,5.0231314,7.6168456],"to":[8.177571,6.1659884,8.731132],"rotation":{"angle":-22.5,"axis":"z","origin":[7.606143,5.5945597,8.173988]},"faces":{"east":{"uv":[10.0,1.5,11.0,2.5],"rotation":0,"texture":"#0","tintindex":0},"south":{"uv":[2.5,5.0,4.5,6.0],"rotation":0,"texture":"#0","tintindex":0},"north":{"uv":[0.0,5.0,2.0,6.0],"rotation":0,"texture":"#0","tintindex":0},"west":{"uv":[10.0,3.0,11.0,4.0],"rotation":0,"texture":"#0","tintindex":0},"up":{"uv":[7.0,6.0,5.0,5.0],"rotation":0,"texture":"#0","tintindex":0},"down":{"uv":[8.0,0.0,6.0,1.0],"rotation":0,"texture":"#0","tintindex":0}}},{"from":[5.7838855,5.9549828,7.8206],"to":[6.9267426,6.5264115,10.106315],"rotation":{"angle":-22.5,"axis":"x","origin":[8.0696,5.9549828,8.392029]},"faces":{"east":{"uv":[9.5,10.0,11.5,10.5],"rotation":0,"texture":"#0","tintindex":0},"south":{"uv":[12.0,10.0,13.0,10.5],"rotation":0,"texture":"#0","tintindex":0},"north":{"uv":[6.0,4.0,7.0,4.5],"rotation":0,"texture":"#0","tintindex":0},"west":{"uv":[10.5,4.5,12.5,5.0],"rotation":0,"texture":"#0","tintindex":0},"up":{"uv":[7.0,3.5,6.0,1.5],"rotation":0,"texture":"#0","tintindex":0},"down":{"uv":[1.0,6.5,0.0,8.5],"rotation":0,"texture":"#0","tintindex":0}}},{"from":[5.8285713,7.4857144,9.757143],"to":[7.542857,8.057143,10.328571],"rotation":{"angle":22.5,"axis":"z","origin":[8.114285,7.4857144,8.042857]},"faces":{"east":{"uv":[13.0,4.0,13.5,4.5],"rotation":0,"texture":"#0","tintindex":0},"south":{"uv":[3.5,11.5,5.0,12.0],"rotation":0,"texture":"#0","tintindex":0},"north":{"uv":[11.5,3.0,13.0,3.5],"rotation":0,"texture":"#0","tintindex":0},"west":{"uv":[13.0,5.0,13.5,5.5],"rotation":0,"texture":"#0","tintindex":0},"up":{"uv":[7.0,12.0,5.5,11.5],"rotation":0,"texture":"#0","tintindex":0},"down":{"uv":[1.5,12.0,0.0,12.5],"rotation":0,"texture":"#0","tintindex":0}}},{"from":[8.796085,5.0231314,7.6168456],"to":[11.0818,6.1659884,8.731132],"rotation":{"angle":22.5,"axis":"z","origin":[9.367515,5.5945597,8.173988]},"faces":{"east":{"uv":[11.0,3.0,10.0,4.0],"rotation":0,"texture":"#0","tintindex":0},"south":{"uv":[4.5,5.0,2.5,6.0],"rotation":0,"texture":"#0","tintindex":0},"north":{"uv":[2.0,5.0,0.0,6.0],"rotation":0,"texture":"#0","tintindex":0},"west":{"uv":[11.0,1.5,10.0,2.5],"rotation":0,"texture":"#0","tintindex":0},"up":{"uv":[5.0,6.0,7.0,5.0],"rotation":0,"texture":"#0","tintindex":0},"down":{"uv":[6.0,0.0,8.0,1.0],"rotation":0,"texture":"#0","tintindex":0}}},{"from":[10.046914,5.9549828,7.8206],"to":[11.189772,6.5264115,10.106315],"rotation":{"angle":-22.5,"axis":"x","origin":[8.9040575,5.9549828,8.392029]},"faces":{"east":{"uv":[12.5,4.5,10.5,5.0],"rotation":0,"texture":"#0","tintindex":0},"south":{"uv":[13.0,10.0,12.0,10.5],"rotation":0,"texture":"#0","tintindex":0},"north":{"uv":[7.0,4.0,6.0,4.5],"rotation":0,"texture":"#0","tintindex":0},"west":{"uv":[11.5,10.0,9.5,10.5],"rotation":0,"texture":"#0","tintindex":0},"up":{"uv":[6.0,3.5,7.0,1.5],"rotation":0,"texture":"#0","tintindex":0},"down":{"uv":[0.0,6.5,1.0,8.5],"rotation":0,"texture":"#0","tintindex":0}}},{"from":[9.4308,7.4857144,9.757143],"to":[11.145086,8.057143,10.328571],"rotation":{"angle":-22.5,"axis":"z","origin":[8.859371,7.4857144,8.042857]},"faces":{"east":{"uv":[13.5,5.0,13.0,5.5],"rotation":0,"texture":"#0","tintindex":0},"south":{"uv":[5.0,11.5,3.5,12.0],"rotation":0,"texture":"#0","tintindex":0},"north":{"uv":[13.0,3.0,11.5,3.5],"rotation":0,"texture":"#0","tintindex":0},"west":{"uv":[13.5,4.0,13.0,4.5],"rotation":0,"texture":"#0","tintindex":0},"up":{"uv":[5.5,12.0,7.0,11.5],"rotation":0,"texture":"#0","tintindex":0},"down":{"uv":[0.0,12.0,1.5,12.5],"rotation":0,"texture":"#0","tintindex":0}}}],"display":{"head":{"translation":[0.0,-6.4,0.0],"scale":[4.0,4.0,4.0]}}}