{"textures":{"0":"minecraft:toffy/crates/toffy_crate_cinder"},"elements":[{"from":[9.839949,1.4868054,-0.42038345],"to":[12.697092,4.3439484,2.4367595],"rotation":{"angle":0.0,"axis":"y","origin":[13.839949,-3.0846233,-0.42038345]},"faces":{"east":{"uv":[11.375,3.25,12.0,3.875],"rotation":0,"texture":"#0","tintindex":0},"south":{"uv":[2.0,11.625,2.625,12.25],"rotation":0,"texture":"#0","tintindex":0},"north":{"uv":[1.25,11.375,1.875,12.0],"rotation":0,"texture":"#0","tintindex":0},"west":{"uv":[2.75,11.625,3.375,12.25],"rotation":0,"texture":"#0","tintindex":0},"up":{"uv":[4.125,12.25,3.5,11.625],"rotation":0,"texture":"#0","tintindex":0},"down":{"uv":[4.875,11.625,4.25,12.25],"rotation":0,"texture":"#0","tintindex":0}}},{"from":[10.125663,-1.1742516,0.91855955],"to":[12.411377,1.1114626,4.91856],"rotation":{"angle":-45.0,"axis":"x","origin":[13.839949,1.1114626,-3.6528692]},"faces":{"east":{"uv":[10.125,11.125,11.0,11.625],"rotation":0,"texture":"#0","tintindex":0},"south":{"uv":[8.75,12.5,9.25,13.0],"rotation":0,"texture":"#0","tintindex":0},"north":{"uv":[6.625,12.5,7.125,13.0],"rotation":0,"texture":"#0","tintindex":0},"west":{"uv":[11.125,11.125,12.0,11.625],"rotation":0,"texture":"#0","tintindex":0},"up":{"uv":[6.75,4.875,6.25,4.0],"rotation":0,"texture":"#0","tintindex":0},"down":{"uv":[8.125,11.125,7.625,12.0],"rotation":0,"texture":"#0","tintindex":0}}},{"from":[6.962503,5.4580913,2.240674],"to":[11.533932,7.172377,4.526388],"rotation":{"angle":45.0,"axis":"y","origin":[10.391074,6.02952,2.8121023]},"faces":{"east":{"uv":[5.375,10.625,5.875,11.0],"rotation":0,"texture":"#0","tintindex":0},"south":{"uv":[11.625,11.75,12.625,12.125],"rotation":0,"texture":"#0","tintindex":0},"north":{"uv":[10.5,11.75,11.5,12.125],"rotation":0,"texture":"#0","tintindex":0},"west":{"uv":[12.5,9.875,13.0,10.25],"rotation":0,"texture":"#0","tintindex":0},"up":{"uv":[3.125,11.5,2.125,11.0],"rotation":0,"texture":"#0","tintindex":0},"down":{"uv":[6.375,11.125,5.375,11.625],"rotation":0,"texture":"#0","tintindex":0}}},{"from":[7.562646,5.98244,5.1827655],"to":[9.84836,7.696726,8.611337],"rotation":{"angle":-22.5,"axis":"x","origin":[8.134074,6.5538683,6.3256226]},"faces":{"east":{"uv":[12.375,8.125,13.125,8.5],"rotation":0,"texture":"#0","tintindex":0},"south":{"uv":[12.75,3.25,13.25,3.625],"rotation":0,"texture":"#0","tintindex":0},"north":{"uv":[12.625,6.25,13.125,6.625],"rotation":0,"texture":"#0","tintindex":0},"west":{"uv":[4.875,12.5,5.625,12.875],"rotation":0,"texture":"#0","tintindex":0},"up":{"uv":[1.75,12.875,1.25,12.125],"rotation":0,"texture":"#0","tintindex":0},"down":{"uv":[12.625,3.25,12.125,4.0],"rotation":0,"texture":"#0","tintindex":0}}},{"from":[8.0,6.857143,8.0],"to":[12.0,8.571428,9.714286],"rotation":{"angle":22.5,"axis":"z","origin":[8.0,7.428571,9.142858]},"faces":{"east":{"uv":[12.75,11.625,13.125,12.0],"rotation":0,"texture":"#0","tintindex":0},"south":{"uv":[12.25,10.375,13.125,10.75],"rotation":0,"texture":"#0","tintindex":0},"north":{"uv":[12.25,9.0,13.125,9.375],"rotation":0,"texture":"#0","tintindex":0},"west":{"uv":[11.875,12.75,12.25,13.125],"rotation":0,"texture":"#0","tintindex":0},"up":{"uv":[11.375,12.625,10.5,12.25],"rotation":0,"texture":"#0","tintindex":0},"down":{"uv":[12.375,12.25,11.5,12.625],"rotation":0,"texture":"#0","tintindex":0}}},{"from":[12.0,7.428571,8.0],"to":[13.714286,8.571428,9.714286],"rotation":{"angle":22.5,"axis":"z","origin":[8.0,7.428571,9.142858]},"faces":{"east":{"uv":[13.125,9.875,13.5,10.125],"rotation":0,"texture":"#0","tintindex":0},"south":{"uv":[13.125,12.125,13.5,12.375],"rotation":0,"texture":"#0","tintindex":0},"north":{"uv":[9.25,13.125,9.625,13.375],"rotation":0,"texture":"#0","tintindex":0},"west":{"uv":[13.125,12.5,13.5,12.75],"rotation":0,"texture":"#0","tintindex":0},"up":{"uv":[0.375,13.25,0.0,12.875],"rotation":0,"texture":"#0","tintindex":0},"down":{"uv":[0.875,12.875,0.5,13.25],"rotation":0,"texture":"#0","tintindex":0}}},{"from":[13.714286,8.0,8.0],"to":[15.428572,8.571428,9.714286],"rotation":{"angle":22.5,"axis":"z","origin":[8.0,7.428571,9.142858]},"faces":{"east":{"uv":[11.75,9.625,12.125,9.75],"rotation":0,"texture":"#0","tintindex":0},"south":{"uv":[12.25,10.875,12.625,11.0],"rotation":0,"texture":"#0","tintindex":0},"north":{"uv":[11.75,0.625,12.125,0.75],"rotation":0,"texture":"#0","tintindex":0},"west":{"uv":[10.0,12.5,10.375,12.625],"rotation":0,"texture":"#0","tintindex":0},"up":{"uv":[2.25,13.25,1.875,12.875],"rotation":0,"texture":"#0","tintindex":0},"down":{"uv":[2.75,12.875,2.375,13.25],"rotation":0,"texture":"#0","tintindex":0}}},{"from":[24.125664,1.4868054,-0.42038345],"to":[26.982807,4.3439484,2.4367595],"rotation":{"angle":0.0,"axis":"y","origin":[22.982807,-3.0846233,-0.42038345]},"faces":{"east":{"uv":[5.75,11.75,6.375,12.375],"rotation":0,"texture":"#0","tintindex":0},"south":{"uv":[6.5,11.75,7.125,12.375],"rotation":0,"texture":"#0","tintindex":0},"north":{"uv":[5.0,11.75,5.625,12.375],"rotation":0,"texture":"#0","tintindex":0},"west":{"uv":[8.25,11.75,8.875,12.375],"rotation":0,"texture":"#0","tintindex":0},"up":{"uv":[9.625,12.375,9.0,11.75],"rotation":0,"texture":"#0","tintindex":0},"down":{"uv":[10.375,11.75,9.75,12.375],"rotation":0,"texture":"#0","tintindex":0}}},{"from":[24.411377,-1.1742516,0.91855955],"to":[26.697092,1.1114626,4.91856],"rotation":{"angle":-45.0,"axis":"x","origin":[22.982807,1.1114626,-3.6528692]},"faces":{"east":{"uv":[11.25,0.0,12.125,0.5],"rotation":0,"texture":"#0","tintindex":0},"south":{"uv":[12.5,12.25,13.0,12.75],"rotation":0,"texture":"#0","tintindex":0},"north":{"uv":[9.375,12.5,9.875,13.0],"rotation":0,"texture":"#0","tintindex":0},"west":{"uv":[11.25,9.0,12.125,9.5],"rotation":0,"texture":"#0","tintindex":0},"up":{"uv":[0.5,12.25,0.0,11.375],"rotation":0,"texture":"#0","tintindex":0},"down":{"uv":[1.125,11.375,0.625,12.25],"rotation":0,"texture":"#0","tintindex":0}}},{"from":[25.288824,5.4580913,2.240674],"to":[29.860252,7.172377,4.526388],"rotation":{"angle":-45.0,"axis":"y","origin":[26.43168,6.02952,2.8121023]},"faces":{"east":{"uv":[12.75,3.75,13.25,4.125],"rotation":0,"texture":"#0","tintindex":0},"south":{"uv":[12.25,0.0,13.25,0.375],"rotation":0,"texture":"#0","tintindex":0},"north":{"uv":[12.125,11.125,13.125,11.5],"rotation":0,"texture":"#0","tintindex":0},"west":{"uv":[10.0,12.75,10.5,13.125],"rotation":0,"texture":"#0","tintindex":0},"up":{"uv":[7.5,11.625,6.5,11.125],"rotation":0,"texture":"#0","tintindex":0},"down":{"uv":[12.125,6.75,11.125,7.25],"rotation":0,"texture":"#0","tintindex":0}}},{"from":[26.974394,5.98244,5.1827655],"to":[29.260109,7.696726,8.611337],"rotation":{"angle":-22.5,"axis":"x","origin":[28.68868,6.5538683,6.3256226]},"faces":{"east":{"uv":[5.75,12.5,6.5,12.875],"rotation":0,"texture":"#0","tintindex":0},"south":{"uv":[11.25,12.75,11.75,13.125],"rotation":0,"texture":"#0","tintindex":0},"north":{"uv":[10.625,12.75,11.125,13.125],"rotation":0,"texture":"#0","tintindex":0},"west":{"uv":[7.875,12.5,8.625,12.875],"rotation":0,"texture":"#0","tintindex":0},"up":{"uv":[7.75,12.875,7.25,12.125],"rotation":0,"texture":"#0","tintindex":0},"down":{"uv":[12.75,6.75,12.25,7.5],"rotation":0,"texture":"#0","tintindex":0}}},{"from":[24.822754,6.857143,8.0],"to":[28.822754,8.571428,9.714286],"rotation":{"angle":-22.5,"axis":"z","origin":[28.822754,7.428571,9.142858]},"faces":{"east":{"uv":[2.875,12.875,3.25,13.25],"rotation":0,"texture":"#0","tintindex":0},"south":{"uv":[1.875,12.375,2.75,12.75],"rotation":0,"texture":"#0","tintindex":0},"north":{"uv":[0.0,12.375,0.875,12.75],"rotation":0,"texture":"#0","tintindex":0},"west":{"uv":[3.375,12.875,3.75,13.25],"rotation":0,"texture":"#0","tintindex":0},"up":{"uv":[3.75,12.75,2.875,12.375],"rotation":0,"texture":"#0","tintindex":0},"down":{"uv":[4.75,12.375,3.875,12.75],"rotation":0,"texture":"#0","tintindex":0}}},{"from":[23.108469,7.428571,8.0],"to":[24.822754,8.571428,9.714286],"rotation":{"angle":-22.5,"axis":"z","origin":[28.822754,7.428571,9.142858]},"faces":{"east":{"uv":[13.25,6.375,13.625,6.625],"rotation":0,"texture":"#0","tintindex":0},"south":{"uv":[13.25,8.125,13.625,8.375],"rotation":0,"texture":"#0","tintindex":0},"north":{"uv":[13.25,6.0,13.625,6.25],"rotation":0,"texture":"#0","tintindex":0},"west":{"uv":[13.25,9.0,13.625,9.25],"rotation":0,"texture":"#0","tintindex":0},"up":{"uv":[4.25,13.25,3.875,12.875],"rotation":0,"texture":"#0","tintindex":0},"down":{"uv":[13.25,4.25,12.875,4.625],"rotation":0,"texture":"#0","tintindex":0}}},{"from":[21.394184,8.0,8.0],"to":[23.108469,8.571428,9.714286],"rotation":{"angle":-22.5,"axis":"z","origin":[28.822754,7.428571,9.142858]},"faces":{"east":{"uv":[12.875,7.5,13.25,7.625],"rotation":0,"texture":"#0","tintindex":0},"south":{"uv":[13.375,5.25,13.75,5.375],"rotation":0,"texture":"#0","tintindex":0},"north":{"uv":[12.75,10.875,13.125,11.0],"rotation":0,"texture":"#0","tintindex":0},"west":{"uv":[5.5,13.375,5.875,13.5],"rotation":0,"texture":"#0","tintindex":0},"up":{"uv":[4.75,13.25,4.375,12.875],"rotation":0,"texture":"#0","tintindex":0},"down":{"uv":[13.25,4.75,12.875,5.125],"rotation":0,"texture":"#0","tintindex":0}}}],"display":{"head":{"translation":[0.0,-6.4,0.0],"scale":[4.0,4.0,4.0]}}}