{"textures":{"0":"minecraft:toffy/crates/toffy_key_paladin"},"elements":[{"from":[7.714286,7.3102226,7.8816514],"to":[8.285714,9.024508,8.45308],"rotation":{"angle":0.0,"axis":"y","origin":[3.4285712,5.0245085,12.45308]},"faces":{"east":{"uv":[5.0,1.0,5.5,2.5],"rotation":0,"texture":"#0","tintindex":0},"south":{"uv":[5.0,3.0,5.5,4.5],"rotation":0,"texture":"#0","tintindex":0},"north":{"uv":[4.0,4.0,4.5,5.5],"rotation":0,"texture":"#0","tintindex":0},"west":{"uv":[5.0,5.0,5.5,6.5],"rotation":0,"texture":"#0","tintindex":0},"up":{"uv":[9.5,5.5,9.0,5.0],"rotation":0,"texture":"#0","tintindex":0},"down":{"uv":[9.5,6.0,9.0,6.5],"rotation":0,"texture":"#0","tintindex":0}}},{"from":[7.714286,8.849926,7.5753884],"to":[8.285714,9.992783,8.146817],"rotation":{"angle":-22.5,"axis":"x","origin":[8.0,9.707068,7.861103]},"faces":{"east":{"uv":[5.0,7.0,5.5,8.0],"rotation":0,"texture":"#0","tintindex":0},"south":{"uv":[6.0,7.0,6.5,8.0],"rotation":0,"texture":"#0","tintindex":0},"north":{"uv":[7.0,4.5,7.5,5.5],"rotation":0,"texture":"#0","tintindex":0},"west":{"uv":[7.0,6.0,7.5,7.0],"rotation":0,"texture":"#0","tintindex":0},"up":{"uv":[9.5,9.0,9.0,8.5],"rotation":0,"texture":"#0","tintindex":0},"down":{"uv":[0.5,9.5,0.0,10.0],"rotation":0,"texture":"#0","tintindex":0}}},{"from":[7.714286,9.627292,6.921891],"to":[8.285714,11.341578,7.49332],"rotation":{"angle":-45.0,"axis":"x","origin":[8.0,10.484434,7.207606]},"faces":{"east":{"uv":[2.0,5.5,2.5,7.0],"rotation":0,"texture":"#0","tintindex":0},"south":{"uv":[0.0,6.0,0.5,7.5],"rotation":0,"texture":"#0","tintindex":0},"north":{"uv":[1.0,5.5,1.5,7.0],"rotation":0,"texture":"#0","tintindex":0},"west":{"uv":[6.0,0.0,6.5,1.5],"rotation":0,"texture":"#0","tintindex":0},"up":{"uv":[1.5,10.0,1.0,9.5],"rotation":0,"texture":"#0","tintindex":0},"down":{"uv":[2.5,9.5,2.0,10.0],"rotation":0,"texture":"#0","tintindex":0}}},{"from":[8.0,9.484434,7.49332],"to":[8.0,11.770149,8.064749],"rotation":{"angle":-45.0,"axis":"x","origin":[8.0,10.341578,7.207606]},"faces":{"east":{"uv":[1.0,3.0,1.5,5.0],"rotation":0,"texture":"#0","tintindex":0},"south":{"uv":[8.5,9.5,8.5,11.5],"rotation":0,"texture":"#0","tintindex":0},"north":{"uv":[8.0,9.5,8.0,11.5],"rotation":0,"texture":"#0","tintindex":0},"west":{"uv":[2.0,3.0,2.5,5.0],"rotation":0,"texture":"#0","tintindex":0},"up":{"uv":[2.5,8.0,2.5,7.5],"rotation":0,"texture":"#0","tintindex":0},"down":{"uv":[9.5,7.0,9.5,7.5],"rotation":0,"texture":"#0","tintindex":0}}},{"from":[8.0,8.935948,8.241623],"to":[8.0,10.078806,8.813051],"rotation":{"angle":-22.5,"axis":"x","origin":[8.0,9.2216625,7.955909]},"faces":{"east":{"uv":[8.0,1.5,8.5,2.5],"rotation":0,"texture":"#0","tintindex":0},"south":{"uv":[9.5,9.5,9.5,10.5],"rotation":0,"texture":"#0","tintindex":0},"north":{"uv":[9.0,9.5,9.0,10.5],"rotation":0,"texture":"#0","tintindex":0},"west":{"uv":[8.0,3.0,8.5,4.0],"rotation":0,"texture":"#0","tintindex":0},"up":{"uv":[10.0,0.5,10.0,0.0],"rotation":0,"texture":"#0","tintindex":0},"down":{"uv":[10.0,1.0,10.0,1.5],"rotation":0,"texture":"#0","tintindex":0}}},{"from":[8.0,7.5714283,8.285714],"to":[8.0,9.285714,8.857143],"rotation":{"angle":0.0,"axis":"y","origin":[8.0,8.428572,8.0]},"faces":{"east":{"uv":[7.0,0.0,7.5,1.5],"rotation":0,"texture":"#0","tintindex":0},"south":{"uv":[3.0,10.0,3.0,11.5],"rotation":0,"texture":"#0","tintindex":0},"north":{"uv":[10.0,2.0,10.0,3.5],"rotation":0,"texture":"#0","tintindex":0},"west":{"uv":[3.0,7.0,3.5,8.5],"rotation":0,"texture":"#0","tintindex":0},"up":{"uv":[3.5,10.5,3.5,10.0],"rotation":0,"texture":"#0","tintindex":0},"down":{"uv":[10.0,4.0,10.0,4.5],"rotation":0,"texture":"#0","tintindex":0}}},{"from":[7.714286,7.3102226,5.138794],"to":[8.285714,9.024508,5.7102227],"rotation":{"angle":0.0,"axis":"y","origin":[3.4285712,5.0245085,1.138794]},"faces":{"east":{"uv":[5.5,1.0,5.0,2.5],"rotation":0,"texture":"#0","tintindex":0},"south":{"uv":[4.5,4.0,4.0,5.5],"rotation":0,"texture":"#0","tintindex":0},"north":{"uv":[5.5,3.0,5.0,4.5],"rotation":0,"texture":"#0","tintindex":0},"west":{"uv":[5.5,5.0,5.0,6.5],"rotation":0,"texture":"#0","tintindex":0},"up":{"uv":[9.5,5.0,9.0,5.5],"rotation":0,"texture":"#0","tintindex":0},"down":{"uv":[9.5,6.5,9.0,6.0],"rotation":0,"texture":"#0","tintindex":0}}},{"from":[7.714286,8.849926,5.445057],"to":[8.285714,9.992783,6.0164857],"rotation":{"angle":22.5,"axis":"x","origin":[8.0,9.707068,5.730771]},"faces":{"east":{"uv":[5.5,7.0,5.0,8.0],"rotation":0,"texture":"#0","tintindex":0},"south":{"uv":[7.5,4.5,7.0,5.5],"rotation":0,"texture":"#0","tintindex":0},"north":{"uv":[6.5,7.0,6.0,8.0],"rotation":0,"texture":"#0","tintindex":0},"west":{"uv":[7.5,6.0,7.0,7.0],"rotation":0,"texture":"#0","tintindex":0},"up":{"uv":[9.5,8.5,9.0,9.0],"rotation":0,"texture":"#0","tintindex":0},"down":{"uv":[0.5,10.0,0.0,9.5],"rotation":0,"texture":"#0","tintindex":0}}},{"from":[7.714286,9.627292,6.098554],"to":[8.285714,11.341578,6.669983],"rotation":{"angle":45.0,"axis":"x","origin":[8.0,10.484434,6.3842688]},"faces":{"east":{"uv":[2.5,5.5,2.0,7.0],"rotation":0,"texture":"#0","tintindex":0},"south":{"uv":[1.5,5.5,1.0,7.0],"rotation":0,"texture":"#0","tintindex":0},"north":{"uv":[0.5,6.0,0.0,7.5],"rotation":0,"texture":"#0","tintindex":0},"west":{"uv":[6.5,0.0,6.0,1.5],"rotation":0,"texture":"#0","tintindex":0},"up":{"uv":[1.5,9.5,1.0,10.0],"rotation":0,"texture":"#0","tintindex":0},"down":{"uv":[2.5,10.0,2.0,9.5],"rotation":0,"texture":"#0","tintindex":0}}},{"from":[8.0,9.484434,5.5271254],"to":[8.0,11.770149,6.098554],"rotation":{"angle":45.0,"axis":"x","origin":[8.0,10.341578,6.3842688]},"faces":{"east":{"uv":[1.5,3.0,1.0,5.0],"rotation":0,"texture":"#0","tintindex":0},"south":{"uv":[8.0,9.5,8.0,11.5],"rotation":0,"texture":"#0","tintindex":0},"north":{"uv":[8.5,9.5,8.5,11.5],"rotation":0,"texture":"#0","tintindex":0},"west":{"uv":[2.5,3.0,2.0,5.0],"rotation":0,"texture":"#0","tintindex":0},"up":{"uv":[2.5,7.5,2.5,8.0],"rotation":0,"texture":"#0","tintindex":0},"down":{"uv":[9.5,7.5,9.5,7.0],"rotation":0,"texture":"#0","tintindex":0}}},{"from":[8.0,8.935948,4.778823],"to":[8.0,10.078806,5.350251],"rotation":{"angle":22.5,"axis":"x","origin":[8.0,9.2216625,5.6359653]},"faces":{"east":{"uv":[8.5,1.5,8.0,2.5],"rotation":0,"texture":"#0","tintindex":0},"south":{"uv":[9.0,9.5,9.0,10.5],"rotation":0,"texture":"#0","tintindex":0},"north":{"uv":[9.5,9.5,9.5,10.5],"rotation":0,"texture":"#0","tintindex":0},"west":{"uv":[8.5,3.0,8.0,4.0],"rotation":0,"texture":"#0","tintindex":0},"up":{"uv":[10.0,0.0,10.0,0.5],"rotation":0,"texture":"#0","tintindex":0},"down":{"uv":[10.0,1.5,10.0,1.0],"rotation":0,"texture":"#0","tintindex":0}}},{"from":[8.0,7.5714283,4.734731],"to":[8.0,9.285714,5.30616],"rotation":{"angle":0.0,"axis":"y","origin":[8.0,8.428572,5.591874]},"faces":{"east":{"uv":[7.5,0.0,7.0,1.5],"rotation":0,"texture":"#0","tintindex":0},"south":{"uv":[10.0,2.0,10.0,3.5],"rotation":0,"texture":"#0","tintindex":0},"north":{"uv":[3.0,10.0,3.0,11.5],"rotation":0,"texture":"#0","tintindex":0},"west":{"uv":[3.5,7.0,3.0,8.5],"rotation":0,"texture":"#0","tintindex":0},"up":{"uv":[3.5,10.0,3.5,10.5],"rotation":0,"texture":"#0","tintindex":0},"down":{"uv":[10.0,4.5,10.0,4.0],"rotation":0,"texture":"#0","tintindex":0}}}],"display":{"head":{"translation":[0.0,-6.4,0.0],"scale":[4.0,4.0,4.0]}}}