{"parent":"minecraft:item/generated","textures":{"layer0":"minecraft:item/leather_horse_armor"},"overrides":[{"predicate":{"custom_model_data":1},"model":"modelengine:toffy_crate_black/group"},{"predicate":{"custom_model_data":2},"model":"modelengine:toffy_crate_blue/group"},{"predicate":{"custom_model_data":3},"model":"modelengine:toffy_crate_cinder/sides"},{"predicate":{"custom_model_data":4},"model":"modelengine:toffy_crate_cinder/middle"},{"predicate":{"custom_model_data":5},"model":"modelengine:toffy_crate_cinder/horn"},{"predicate":{"custom_model_data":6},"model":"modelengine:toffy_crate_green/group"},{"predicate":{"custom_model_data":7},"model":"modelengine:toffy_crate_purple/group"},{"predicate":{"custom_model_data":8},"model":"modelengine:toffy_crate_red/group"},{"predicate":{"custom_model_data":9},"model":"modelengine:toffy_crate_viking/group"},{"predicate":{"custom_model_data":10},"model":"modelengine:toffy_key_black/group"},{"predicate":{"custom_model_data":11},"model":"modelengine:toffy_key_blue/group"},{"predicate":{"custom_model_data":12},"model":"modelengine:toffy_key_cinder/group"},{"predicate":{"custom_model_data":13},"model":"modelengine:toffy_key_green/group"},{"predicate":{"custom_model_data":14},"model":"modelengine:toffy_key_paladin/group"},{"predicate":{"custom_model_data":15},"model":"modelengine:toffy_key_purple/group"},{"predicate":{"custom_model_data":16},"model":"modelengine:toffy_key_red/group"},{"predicate":{"custom_model_data":17},"model":"modelengine:wolfebersahd/torso"},{"predicate":{"custom_model_data":18},"model":"modelengine:wolfebersahd/belt"},{"predicate":{"custom_model_data":19},"model":"modelengine:wolfebersahd/belt2"},{"predicate":{"custom_model_data":20},"model":"modelengine:wolfebersahd/head"},{"predicate":{"custom_model_data":21},"model":"modelengine:wolfebersahd/jaw"},{"predicate":{"custom_model_data":22},"model":"modelengine:wolfebersahd/left_arm"},{"predicate":{"custom_model_data":23},"model":"modelengine:wolfebersahd/left_forearm"},{"predicate":{"custom_model_data":24},"model":"modelengine:wolfebersahd/left_hand"},{"predicate":{"custom_model_data":25},"model":"modelengine:wolfebersahd/left_finger2"},{"predicate":{"custom_model_data":26},"model":"modelengine:wolfebersahd/right_arm"},{"predicate":{"custom_model_data":27},"model":"modelengine:wolfebersahd/right_forearm"},{"predicate":{"custom_model_data":28},"model":"modelengine:wolfebersahd/right_hand"},{"predicate":{"custom_model_data":29},"model":"modelengine:wolfebersahd/right_finger4"},{"predicate":{"custom_model_data":30},"model":"modelengine:wolfebersahd/banhammer"},{"predicate":{"custom_model_data":31},"model":"modelengine:wolfebersahd/tail1"},{"predicate":{"custom_model_data":32},"model":"modelengine:wolfebersahd/tail2"},{"predicate":{"custom_model_data":33},"model":"modelengine:wolfebersahd/tail3"},{"predicate":{"custom_model_data":34},"model":"modelengine:wolfebersahd/tail4"},{"predicate":{"custom_model_data":35},"model":"modelengine:wolfebersahd/tail5"},{"predicate":{"custom_model_data":36},"model":"modelengine:wolfebersahd/tail6"},{"predicate":{"custom_model_data":37},"model":"modelengine:wolfebersahd/tail7"},{"predicate":{"custom_model_data":38},"model":"modelengine:wolfebersahd/left_leg"},{"predicate":{"custom_model_data":39},"model":"modelengine:wolfebersahd/left_leg2"},{"predicate":{"custom_model_data":40},"model":"modelengine:wolfebersahd/left_foot"},{"predicate":{"custom_model_data":41},"model":"modelengine:wolfebersahd/right_leg3"},{"predicate":{"custom_model_data":42},"model":"modelengine:wolfebersahd/right_leg4"},{"predicate":{"custom_model_data":43},"model":"modelengine:wolfebersahd/right_foot"},{"predicate":{"custom_model_data":44},"model":"modelengine:wolfebersahd_parts/banhammer"},{"predicate":{"custom_model_data":45},"model":"modelengine:wolfebersahd_parts/leather_horse_armor"}]}