{"textures":{"0":"modelengine:entity/wolfebersahd"},"elements":[{"from":[8.5969305,-0.45447826,5.912867],"to":[11.454073,4.11695,10.484296],"rotation":{"angle":0.0,"axis":"y","origin":[10.428572,1.1428566,9.142858]},"faces":{"east":{"uv":[0.9875,13.0125,0.0125,13.9875],"rotation":0,"texture":"#0","tintindex":0},"south":{"uv":[2.3625,13.6375,1.7625,14.6125],"rotation":0,"texture":"#0","tintindex":0},"north":{"uv":[6.1125,13.3875,5.5125,14.3625],"rotation":0,"texture":"#0","tintindex":0},"west":{"uv":[12.6125,12.8875,11.6375,13.8625],"rotation":0,"texture":"#0","tintindex":0},"up":{"uv":[13.6375,6.4875,14.2375,5.5125],"rotation":0,"texture":"#0","tintindex":0},"down":{"uv":[13.6375,6.5125,14.2375,7.4875],"rotation":0,"texture":"#0","tintindex":0}}},{"from":[12.506312,4.11695,8.962197],"to":[12.506312,9.831236,11.819341],"rotation":{"angle":-45.0,"axis":"y","origin":[10.428572,1.1428566,9.142858]},"faces":{"east":{"uv":[13.8625,8.6375,13.2625,9.8625],"rotation":0,"texture":"#0","tintindex":0},"south":{"uv":[0.0125,0.0125,0.0125,1.2375],"rotation":0,"texture":"#0","tintindex":0},"north":{"uv":[0.0125,0.0125,0.0125,1.2375],"rotation":0,"texture":"#0","tintindex":0},"west":{"uv":[13.2625,8.6375,13.8625,9.8625],"rotation":0,"texture":"#0","tintindex":0},"up":{"uv":[0.0125,0.6125,0.0125,0.0125],"rotation":0,"texture":"#0","tintindex":0},"down":{"uv":[0.0125,0.0125,0.0125,0.6125],"rotation":0,"texture":"#0","tintindex":0}}},{"from":[8.025501,4.11695,4.77001],"to":[12.025501,9.831236,10.484296],"rotation":{"angle":0.0,"axis":"y","origin":[10.428572,1.1428566,9.142858]},"faces":{"east":{"uv":[10.3625,7.3875,9.1375,8.6125],"rotation":0,"texture":"#0","tintindex":0},"south":{"uv":[9.2375,12.6375,8.3875,13.8625],"rotation":0,"texture":"#0","tintindex":0},"north":{"uv":[4.7375,12.5125,3.8875,13.7375],"rotation":0,"texture":"#0","tintindex":0},"west":{"uv":[9.9875,6.1375,8.7625,7.3625],"rotation":0,"texture":"#0","tintindex":0},"up":{"uv":[9.2625,13.8625,10.1125,12.6375],"rotation":0,"texture":"#0","tintindex":0},"down":{"uv":[12.7625,6.7625,13.6125,7.9875],"rotation":0,"texture":"#0","tintindex":0}}}],"display":{"head":{"translation":[0.0,-6.4,0.0],"scale":[4.0,4.0,4.0]}}}